Residue,Internal,van_der_Waals,Electrostatic,Polar_Solvation,Non-Polar_Solv.,TOTAL
ILE 276,18.82014444444444,-0.541333333,-78.91907778,7.546488888888889,0.8300695199999999,-52.26370826
GLN 277,22.79751111111111,-2.978133333,-60.115,-11.93153333,0.7462496799999997,-51.48090588
LYS 281,16.617811111111113,-2.236488889,-50.4827,18.313622222222218,0.8998743999999999,-16.88788116
GLN 283,23.108488888888896,-5.310955556,-80.84441111,-3.863944444,0.15927319999999998,-66.75154902
TYR 285,16.526488888888885,-8.393111111,-33.15304444,-1.5389,0.00678872,-26.55177795
ARG 287,20.665155555555557,-8.573166667,-240.1190556,47.40472222222221,0.27862968000000005,-180.3437148
HIE 288,33.761155555555554,-3.543844444,-13.84236667,-9.5854,0.71370848,7.503252924444445
GLU 291,16.790388888888888,-1.871988889,17.820222222222213,-89.06626667,0.6947062399999998,-55.6329382
ASN 299,20.067655555555568,-8.215544444,-91.41781111,-2.367733333,0.00011328,-81.93332005
TYR 301,15.302855555555551,-8.711988889,-25.41704444,-4.027633333,0.1964268,-22.65738431
HIE 306,35.022955555555555,-9.579144444,-18.47591111,1.9441999999999995,0.011101199999999997,8.923201200000003
PRO 307,21.027277777777776,-5.3561,-9.157822222,-0.350077778,0.17011279999999998,6.333390577777777
SER 308,11.429055555555559,-4.163611111,-9.631044444,-6.737144444,0.07304344,-9.029701004
ASP 309,13.732911111111118,-1.948422222,20.322644444444443,-91.87362222,0.44355536,-59.32293353
LEU 329,15.712044444444443,-3.406433333,-32.61211111,-2.045933333,0.11164744000000001,-22.24078589
PHE 331,15.91442222222223,-8.771688889,-6.912455556,-2.159722222,0.03840152,-1.891042924
LYS 333,17.840855555555557,-1.989588889,-33.84438889,1.468966666666667,1.0135772000000003,-15.51057836
TRP 335,21.451177777777787,-10.82274444,-8.600188889,0.391344444,0.05785072,2.477439608888889
PHE 337,14.2941,-10.21266667,-9.416633333,-0.214244444,0.0023256,-5.547118844
VAL 360,14.936477777777784,-1.991044444,-27.85027778,-4.533388889,0.6829648000000004,-18.75526853
ASP 373,13.543466666666664,-2.367988889,52.333033333333326,-123.5732667,0.35891463999999995,-59.70584092
MET 374,19.32947777777777,-4.133044444,18.15721111111112,-93.0537,0.5909320799999999,-59.10912348
