Residue,Internal,van_der_Waals,Electrostatic,Polar_Solvation,NonPolarSolv,TOTAL
ILE 276,19.2598375,-0.5462375,-81.54764375,10.042318750000002,0.8807105249999999,-51.91101447
GLN 277,23.10699375,-2.8813125,-60.6175375,-11.62289375,0.7554679649999998,-51.25928204
LYS 281,17.606943750000006,-2.26830625,-54.1739125,21.431043750000008,0.8567148149999999,-16.54751644
GLN 283,23.499506249999996,-5.33236875,-80.79716875,-3.81438125,0.17116865999999997,-66.27324384
TYR 285,17.519199999999998,-8.38068125,-33.64179375,-1.93116875,0.011411415000000005,-26.42303233
ARG 287,21.778812499999994,-8.63291875,-242.577125,49.01898124999999,0.2420467200000001,-180.1702033
HIE 288,34.4384625,-3.3937875,-13.61915,-9.5529,0.6936355800000001,8.566260579999996
GLU 291,17.24088750000002,-2.04310625,15.13724375,-87.50968125,0.6753342149999998,-56.49932204
ASN 299,20.58500625,-7.85723125,-93.8182,-1.3022625,8.0685e-05,-82.39260682
TYR 301,16.50403125000001,-8.2423375,-27.18661875,-3.3305875,0.181548495,-22.073964
HIE 306,35.876025000000006,-9.8498125,-18.2140625,1.76940625,0.016009785,9.597566035000005
PRO 307,21.071799999999993,-5.6236375,-9.2512,-0.22209375,0.11534904000000001,6.0902177900000005
SER 308,11.76083125,-4.1523,-9.3524375,-7.00919375,0.08384076,-8.66925924
ASP 309,14.440487500000009,-1.5790125,13.362162499999997,-87.1869125,0.38142387,-60.58185113
LEU 329,16.6705875,-3.3416125,-32.602175,-2.4115125,0.135726975,-21.54898553
PHE 331,17.091906249999994,-8.0706875,-6.7446875,-2.83931875,0.081090675,-0.481696825
LYS 333,18.26344999999999,-1.182225,-35.0846,1.1248562500000001,1.2326048550000002,-15.6459139
TRP 335,22.227862500000004,-10.64371875,-8.114225,0.12086874999999983,0.06698304,3.6577705399999987
PHE 337,14.919156249999997,-9.9404625,-9.33961875,-0.23433125,0.004066965,-4.591189285
VAL 360,15.04689375000001,-1.93694375,-27.50045,-4.60050625,0.657297855,-18.33370839
ASP 373,14.148631249999994,-1.8695125,49.159743750000004,-121.5199313,0.43618995000000005,-59.6448788
MET 374,19.772199999999994,-4.2851375,12.449993750000008,-88.41411875,0.575392455,-59.90167005
